Workbook

Sheet Reglement & Puntentelling
B2: HET REGELEMENT:
B3: 1. De jury, bestaande uit J.W.M. Broos, heeft gelijk.
B4: 2. Zo niet, dan toch.
B5: 3. 5 euro inleg, winner takes all
B6: 4. De inschrijving dient binnen te zijn om 12:00 uur op 5 juli.
B7: 5: Vul je team in op het tabblad 'TEMPLATE TEAM'
B8: 5. Beter geen scriptjes
B9: 6. Als iemand uit de Tour stapt, pech voor jou :(
B11: DE PUNTENTELLING:
B12: Per etappe:
B13: Positie: | C13: Punten
B14: 1 | C14: 50
B15: 2 | C15: 40
B16: 3 | C16: 32
B17: 4 | C17: 26
B18: 5 | C18: 22
B19: 6 | C19: 20
B20: 7 | C20: 18
B21: 8 | C21: 16
B22: 9 | C22: 14
B23: 10 | C23: 12
B24: 11 | C24: 10
B25: 12 | C25: 9
... B33: 20 | C33: 1
B35: Klassementen:
B36: Podium voorspelling 1 t/m 3
B37: Goede plek goede renner: 50
B38: Goede renner verkeerde plek: 25
B39: Juiste renner bolletjes/groene/witte trui: 25

Sheet TEMPLATE TEAM
B2: NAAM:
B4: Nummer: | C4: Categorie: | D4: Naam renner: | E4: Rugnummer:
A5: Etappes: | B5: 1 | C5: GC Aliens | E5: =VLOOKUP(D5,Categorieën!$B$6:$C$31,2,FALSE) -> #N/A
B6: 2 | C6: God of n ex-Alien? | E6: =VLOOKUP(D6,Categorieën!$D$6:$E$31,2,FALSE) -> #N/A
B7: 3 | C7: Klassieke Aliens & Ganna | E7: =VLOOKUP(D7,Categorieën!$F$6:$G$31,2,FALSE) -> #N/A
B8: 4 | C8: Doen leuk mee | E8: =VLOOKUP(D8,Categorieën!$H$6:$I$31,2,FALSE) -> #N/A
B9: 5 | C9: Deze willen ook leuk meedoen | E9: =VLOOKUP(D9,Categorieën!$J$6:$K$31,2,FALSE) -> #N/A
B10: 6 | C10: Geef ze nog een kans! | E10: =VLOOKUP(D10,Categorieën!$L$6:$M$31,2,FALSE) -> #N/A
B11: 7 | C11: Superknecht | E11: =VLOOKUP(D11,Categorieën!$N$6:$O$31,2,FALSE) -> #N/A
B12: 8 | C12: Super superknecht | E12: =VLOOKUP(D12,Categorieën!$P$6:$Q$31,2,FALSE) -> #N/A
B13: 9 | C13: Tweelingenexperiment | E13: =VLOOKUP(D13,Categorieën!$R$6:$S$31,2,FALSE) -> #N/A
B14: 10 | C14: Supersprinter | E14: =VLOOKUP(D14,Categorieën!$B$6:$C$31,2,FALSE) -> #N/A
B15: 11 | C15: Super supersprinter | E15: =VLOOKUP(D15,Categorieën!$D$6:$E$31,2,FALSE) -> #N/A
B16: 12 | C16: Sprinter | E16: =VLOOKUP(D16,Categorieën!$F$6:$G$31,2,FALSE) -> #N/A
B17: 13 | C17: Nog n sprinter | E17: =VLOOKUP(D17,Categorieën!$H$6:$I$31,2,FALSE) -> #N/A
B18: 14 | C18: EN NOG EEN?! | E18: =VLOOKUP(D18,Categorieën!$J$6:$K$31,2,FALSE) -> #N/A
B19: 15 | C19: Puncheurs 1 | E19: =VLOOKUP(D19,Categorieën!$L$6:$M$31,2,FALSE) -> #N/A
B20: 16 | C20: Puncheurs 2 | E20: =VLOOKUP(D20,Categorieën!$N$6:$O$31,2,FALSE) -> #N/A
B21: 17 | C21: Paret-Peintre of Paret-Peintre? | E21: =VLOOKUP(D21,Categorieën!$P$6:$Q$31,2,FALSE) -> #N/A
B22: =B21+1 -> 18 | C22: Rittenkapers | E22: =VLOOKUP(D22,Categorieën!$B$6:$C$31,2,FALSE) -> #N/A
B23: =B22+1 -> 19 | C23: Klimmers | E23: =VLOOKUP(D23,Categorieën!$D$6:$E$31,2,FALSE) -> #N/A
B24: =B23+1 -> 20 | C24: Klassieke Belg | E24: =VLOOKUP(D24,Categorieën!$F$6:$G$31,2,FALSE) -> #N/A
B25: =B24+1 -> 21 | C25: Nederlander om aan te moedigen | E25: =VLOOKUP(D25,Categorieën!$H$6:$I$31,2,FALSE) -> #N/A
B26: =B25+1 -> 22 | C26: Rouleur 1 | E26: =VLOOKUP(D26,Categorieën!$J$6:$K$31,2,FALSE) -> #N/A
B27: =B26+1 -> 23 | C27: Rouleur 2 | E27: =VLOOKUP(D27,Categorieën!$L$6:$M$31,2,FALSE) -> #N/A
B28: =B27+1 -> 24 | C28: Joker 1 | E28: =VLOOKUP(D28,'Namen totaal'!$B$2:$C$185,2,FALSE) -> #N/A
B29: =B28+1 -> 25 | C29: Joker 2 | E29: =VLOOKUP(D29,'Namen totaal'!$B$2:$C$185,2,FALSE) -> #N/A
A30: Eindklassementen: | B30: Podium eindklassement: | C30: 1 | E30: =VLOOKUP(D30,'Namen totaal'!$B$2:$C$185,2,FALSE) -> #N/A
C31: 2 | E31: =VLOOKUP(D31,'Namen totaal'!$B$2:$C$185,2,FALSE) -> #N/A
C32: 3 | E32: =VLOOKUP(D32,'Namen totaal'!$B$2:$C$185,2,FALSE) -> #N/A
B33: Puntentrui: | C33: 1 | E33: =VLOOKUP(D33,'Namen totaal'!$B$2:$C$185,2,FALSE) -> #N/A
B34: Bergtrui: | C34: 1 | E34: =VLOOKUP(D34,'Namen totaal'!$B$2:$C$185,2,FALSE) -> #N/A
B35: Jongerentrui: | C35: 1 | E35: =VLOOKUP(D35,'Namen totaal'!$B$2:$C$185,2,FALSE) -> #N/A

Sheet Categorieën
B2: DE VOORSPELLING: | D2: INVULLEN OP BLAD 'TEMPLATE TEAM', INCLUSIEF RUGNUMMER!!!
B3: ETAPPES:
B4: Kies 1 renner per kolom:
B5: GC Aliens | C5: Rugnr: | D5: God of n ex-Alien? | E5: Rugnr: | F5: Klassieke Aliens & Ganna | G5: Rugnr: | H5: Doen leuk mee | I5: Rugnr: | J5: Deze willen ook leuk meedoen | K5: Rugnr: | L5: Geef ze nog een kans! | M5: Rugnr: | N5: Superknecht | O5: Rugnr: | P5: Super superknecht | Q5: Rugnr: | R5: Tweelingenexperiment | S5: Rugnr:
B6: Pogacar | C6: 1 | D6: Evenepoel | E6: 21 | F6: Van Aert | G6: 17 | H6: Buitrago | I6: 51 | J6: Martin | K6: 91 | L6: Vlasov | M6: 76 | N6: Sivakov | O6: 5 | P6: Almeida | Q6: 2 | R6: A Yates | S6: 8
B7: Vingegaard | C7: 11 | D7: Roglic | E7: 71 | F7: Ganna | G7: 64 | H7: Carlos Rodriguez | I7: 61 | J7: Gall | K7: 151 | L7: O'Connor | M7: 121 | N7: Soler | O7: 6 | P7: Jorgenson | Q7: 15 | R7: S Yates | S7: 18
F8: Van der Poel | G8: 101 | H8: Skjelmose | I8: 81 | J8: T Johannessen | K8: 221 | L8: Mas | M8: 141 | N8: Kuss | O8: 16 | P8: Lipowitz | Q8: 72
J9: Onley | K9: 191 | L9: Geraint Thomas | M9: 67 | N9: Van Wilder | O9: 29
J10: Van Eeltvelt | K10: 211 | N10: Arensman | O10: 62
B13: Kies 1 renner per kolom:
B14: Supersprinter | C14: Rugnr: | D14: Super supersprinter | E14: Rugnr: | F14: Sprinter | G14: Rugnr: | H14: Nog n sprinter | I14: Rugnr: | J14: EN NOG EEN?! | K14: Rugnr: | L14: Puncheurs 1 | M14: Rugnr: | N14: Puncheurs 2 | O14: Rugnr: | P14: Paret-Peintre of Paret-Peintre? | Q14: Rugnr:
B15: Girmay | C15: 41 | D15: Merlier | E15: 24 | F15: Meeus | G15: 73 | H15: Albanese | I15: 31 | J15: Ackermann | K15: 202 | L15: Vauquelin | M15: 131 | N15: Narvaez | O15: 3 | P15: VPP | Q15: 25
B16: Milan | C16: 83 | D16: Philipsen | E16: 105 | F16: Groenewegen | G16: 124 | H16: Dainese | I16: 112 | J16: Waerenskjold | K16: 228 | L16: Gregoire | M16: 94 | N16: Shachmann | O16: 27 | P16: APP | Q16: 156
F17: Groves | G17: 103 | H17: Demare | I17: 134 | J17: Bauhaus | K17: 52 | L17: Nys | M17: 84 | N17: Van den Berg | O17: 38
F18: Andresen | G18: 192 | H18: Coquard | I18: 163 | J18: Jeanniere | K18: 186 | L18: Martinez | M18: 55 | N18: Pithie | O18: 75
F19: Van Poppel | G19: 78 | J19: Cees Bol | K19: 173 | N19: Alaphilippe | O19: 111
B22: Kies 1 renner per kolom:
B23: Rittenkapers | C23: Rugnr: | D23: Klimmers | E23: Rugnr: | F23: Klassieke Belg | G23: Rugnr: | H23: Nederlander om aan te moedigen | I23: Rugnr: | J23: Rouleurs 1 | K23: Rugnr: | L23: Rouleurs 2 | M23: Rugnr:
B24: Healy | C24: 34 | D24: Aranburu | E24: 161 | F24: Wellens | G24: 7 | H24: Pascal Eenkhoorn | I24: 23 | J24: Politt | K24: 4 | L24: Asgreen | M24: 32
B25: Powless | C25: 35 | D25: Storer | E25: 117 | F25: Benoot | G25: 14 | H25: Roel van Sintmaartensdijk | I25: 47 | J25: Campenaerts | K25: 12 | L25: Foss | M25: 63
B26: Valgren | C26: 37 | D26: Dunbar | E26: 122 | F26: Stuyven | G26: 87 | H26: Mick van Dijke | I26: 77 | J26: Affini | K26: 13 | L26: Bissegger | M26: 154
B27: Mohoric | C27: 56 | D27: Romeo | E27: 147 | F27: Naesen | G27: 155 | H27: Elmar Reinders | I27: 127 | J27: Cattaneo | K27: 22 | L27: Oliveira | M27: 146
B28: Simmons | C28: 85 | D28: Tejada | E28: 171 | F28: De Lie | G28: 214 | H28: Teunissen | I28: 177 | L28: Abrahamsen | M28: 222
B29: Cort | C29: 223 | D29: Woods | E29: 201 | H29: Tim Naberman | I29: 197
B30: Hirschi | C30: 114 | D30: Lutsenko | E30: 206 | H30: Van den Broek | I30: 198
B33: INVULLEN OP BLAD 'TEMPLATE TEAM', INCLUSIEF RUGNUMMER!!!
B35: Kies 2 jokers die NIET in de bovenstaande kolommen genoemd worden: | I35: =VLOOKUP(H35,'Namen totaal'!$B$2:$C$185,2,FALSE) -> #N/A | K35: INVULLEN OP BLAD 'TEMPLATE TEAM', INCLUSIEF RUGNUMMER!!!
I36: =VLOOKUP(H36,'Namen totaal'!$B$2:$C$185,2,FALSE) -> #N/A
B37: KLASSEMENTEN:
B38: Voorspel het podium van het eindklassement
B39: 1. | D39: =VLOOKUP(C39,'Namen totaal'!$B$2:$C$185,2,FALSE) -> #N/A | E39: INVULLEN OP BLAD 'TEMPLATE TEAM', INCLUSIEF RUGNUMMER!!!
B40: 2. | D40: =VLOOKUP(C40,'Namen totaal'!$B$2:$C$185,2,FALSE) -> #N/A
B41: 3. | D41: =VLOOKUP(C41,'Namen totaal'!$B$2:$C$185,2,FALSE) -> #N/A
B43: Voorspel de winnaar van de puntentrui:
B44: 1. | D44: =VLOOKUP(C44,'Namen totaal'!$B$2:$C$185,2,FALSE) -> #N/A | E44: INVULLEN OP BLAD 'TEMPLATE TEAM', INCLUSIEF RUGNUMMER!!!
B46: Voorspel de winnaar van de bergtrui:
B47: 1. | D47: =VLOOKUP(C47,'Namen totaal'!$B$2:$C$185,2,FALSE) -> #N/A | E47: INVULLEN OP BLAD 'TEMPLATE TEAM', INCLUSIEF RUGNUMMER!!!
B49: Voorspel de winnaar van het jongerenklassement
B50: 1. | D50: =VLOOKUP(C50,'Namen totaal'!$B$2:$C$185,2,FALSE) -> #N/A | E50: INVULLEN OP BLAD 'TEMPLATE TEAM', INCLUSIEF RUGNUMMER!!!

Sheet Namen Jokers final
A1: Startnr | B1: Naam
A2: 152 | B2: ARMIRAIL Bruno
A3: 92 | B3: ASKEY Lewis*
A4: 172 | B4: BALLERINI Davide
A5: 193 | B5: BARGUIL Warren
A6: 42 | B6: BARRÉ Louis*
A7: 142 | B7: BARTA Will
A8: 93 | B8: BARTHE Cyril
A9: 33 | B9: BAUDIN Alex*
A10: 212 | B10: BERCKMOES Jenno*
A11: 153 | B11: BERTHET Clément
A12: 194 | B12: BITTNER Pavel*
A13: 203 | B13: BLACKMORE Joseph*
... A93: 48 | B93: ZIMMERMANN Georg

Sheet Namen totaal
A1: Startnr | B1: Naam | C1: Startnr
A2: 222 | B2: ABRAHAMSEN Jonas | C2: 222
A3: 202 | B3: ACKERMANN Pascal | C3: 202
A4: 13 | B4: AFFINI Edoardo | C4: 13
A5: 111 | B5: ALAPHILIPPE Julian | C5: 111
A6: 31 | B6: ALBANESE Vincenzo | C6: 31
A7: 2 | B7: ALMEIDA João | C7: 2
A8: 192 | B8: ANDRESEN Tobias Lund* | C8: 192
A9: 161 | B9: ARANBURU Alex | C9: 161
A10: 62 | B10: ARENSMAN Thymen | C10: 62
A11: 152 | B11: ARMIRAIL Bruno | C11: 152
A12: 32 | B12: ASGREEN Kasper | C12: 32
A13: 92 | B13: ASKEY Lewis* | C13: 92
... A185: 48 | B185: ZIMMERMANN Georg | C185: 48

Sheet Witte trui
A1: Startnr | B1: Naam
A2: 192 | B2: ANDRESEN Tobias Lund*
A3: 92 | B3: ASKEY Lewis*
A4: 42 | B4: BARRÉ Louis*
A5: 33 | B5: BAUDIN Alex*
A6: 212 | B6: BERCKMOES Jenno*
A7: 194 | B7: BITTNER Pavel*
A8: 203 | B8: BLACKMORE Joseph*
A9: 43 | B9: BRAET Vito*
A10: 143 | B10: CASTRILLO Pablo*
A11: 133 | B11: COSTIOU Ewen*
A12: 214 | B12: DE LIE Arnaud*
A13: 21 | B13: EVENEPOEL Remco*
... A49: 68 | B49: WATSON Samuel*
